basin_code,basin,category,category_label,CT,yy,mm,dd,hh,MWS,Rp,accumulated_precipitation_mm
NA,North Atlantic,MIN_HUR,Minor Hurricane,AL012004,2004,08,03,06,129.5,626.35,19351.375
NA,North Atlantic,MIN_HUR,Minor Hurricane,AL012004,2004,08,03,12,157.2,707.57,25277.9375
NA,North Atlantic,MIN_HUR,Minor Hurricane,AL012007,2007,05,07,06,120.2,635.73,23767.5625
NA,North Atlantic,MIN_HUR,Minor Hurricane,AL012007,2007,05,07,12,120.2,749.62,23325.25
NA,North Atlantic,MIN_HUR,Minor Hurricane,AL012007,2007,05,07,18,120.2,785.92,15041.25
NA,North Atlantic,MIN_HUR,Minor Hurricane,AL012010,2010,06,30,00,120.2,896.05,53127.125
NA,North Atlantic,MIN_HUR,Minor Hurricane,AL012010,2010,06,30,06,129.5,935.59,61028.75
NA,North Atlantic,MIN_HUR,Minor Hurricane,AL012010,2010,06,30,12,138.7,873.8,55002.875
NA,North Atlantic,MIN_HUR,Minor Hurricane,AL012010,2010,06,30,18,148.0,836.29,68015.75
NA,North Atlantic,MIN_HUR,Minor Hurricane,AL012010,2010,07,01,00,166.5,960.02,59228.6875
NA,North Atlantic,MIN_HUR,Minor Hurricane,AL012010,2010,07,01,06,138.7,805.32,54346.1875
NA,North Atlantic,MIN_HUR,Minor Hurricane,AL012014,2014,07,03,00,120.2,1033.68,13346.5
NA,North Atlantic,MIN_HUR,Minor Hurricane,AL012014,2014,07,03,06,129.5,764.2,18060.1875
NA,North Atlantic,MIN_HUR,Minor Hurricane,AL012014,2014,07,03,12,148.0,746.56,18315.625
NA,North Atlantic,MIN_HUR,Minor Hurricane,AL012014,2014,07,03,18,148.0,838.5,22303.0625
NA,North Atlantic,MIN_HUR,Minor Hurricane,AL012014,2014,07,04,00,157.2,706.84,16232.3125
NA,North Atlantic,MIN_HUR,Minor Hurricane,AL012016,2016,01,10,00,120.2,1063.43,0.0
NA,North Atlantic,MIN_HUR,Minor Hurricane,AL012016,2016,01,10,06,120.2,1210.9,0.0
NA,North Atlantic,MIN_HUR,Minor Hurricane,AL012016,2016,01,10,12,120.2,1084.32,0.0
NA,North Atlantic,MIN_HUR,Minor Hurricane,AL012016,2016,01,14,06,120.2,698.38,0.0
NA,North Atlantic,MIN_HUR,Minor Hurricane,AL012016,2016,01,14,12,138.7,651.32,0.0
NA,North Atlantic,MIN_HUR,Minor Hurricane,AL012016,2016,01,14,18,138.7,914.05,0.0
NA,North Atlantic,MIN_HUR,Minor Hurricane,AL012016,2016,01,15,00,129.5,746.2,0.0
NA,North Atlantic,MIN_HUR,Minor Hurricane,AL022018,2018,07,06,06,129.5,596.54,0.0
NA,North Atlantic,MIN_HUR,Minor Hurricane,AL022018,2018,07,06,12,129.5,464.32,0.0
NA,North Atlantic,MIN_HUR,Minor Hurricane,AL022018,2018,07,06,18,120.2,448.93,0.0
NA,North Atlantic,MIN_HUR,Minor Hurricane,AL022018,2018,07,07,00,120.2,321.37,0.0
NA,North Atlantic,MIN_HUR,Minor Hurricane,AL022018,2018,07,07,06,120.2,424.41,0.0
NA,North Atlantic,MIN_HUR,Minor Hurricane,AL022019,2019,07,13,12,120.2,566.41,24280.375
NA,North Atlantic,MIN_HUR,Minor Hurricane,AL032004,2004,08,11,18,120.2,510.15,10764.25
NA,North Atlantic,MIN_HUR,Minor Hurricane,AL032004,2004,08,12,00,120.2,746.58,12893.5625
NA,North Atlantic,MIN_HUR,Minor Hurricane,AL032004,2004,08,12,06,138.7,674.12,17061.5625
NA,North Atlantic,MIN_HUR,Minor Hurricane,AL032004,2004,08,12,12,148.0,366.19,14076.875
NA,North Atlantic,MIN_HUR,Minor Hurricane,AL032004,2004,08,12,18,166.5,443.14,19066.0625
NA,North Atlantic,MIN_HUR,Minor Hurricane,AL032004,2004,08,13,00,166.5,922.81,34228.0625
NA,North Atlantic,MIN_HUR,Minor Hurricane,AL032004,2004,08,13,12,175.7,811.99,20994.375
NA,North Atlantic,MIN_HUR,Minor Hurricane,AL032004,2004,08,14,00,138.7,691.48,14740.75
NA,North Atlantic,MIN_HUR,Minor Hurricane,AL032004,2004,08,14,06,138.7,347.96,13329.6875
NA,North Atlantic,MIN_HUR,Minor Hurricane,AL032004,2004,08,14,12,120.2,574.64,20913.5
NA,North Atlantic,MIN_HUR,Minor Hurricane,AL032005,2005,07,06,00,120.2,898.65,21049.375
NA,North Atlantic,MIN_HUR,Minor Hurricane,AL032014,2014,08,04,12,129.5,920.15,24550.9375
NA,North Atlantic,MIN_HUR,Minor Hurricane,AL032014,2014,08,04,18,129.5,1080.84,34447.625
NA,North Atlantic,MIN_HUR,Minor Hurricane,AL032014,2014,08,05,00,120.2,994.62,17914.0
NA,North Atlantic,MIN_HUR,Minor Hurricane,AL032018,2018,07,10,12,120.2,902.06,17132.8125
NA,North Atlantic,MIN_HUR,Minor Hurricane,AL032018,2018,07,10,18,138.7,812.82,11405.6875
NA,North Atlantic,MIN_HUR,Minor Hurricane,AL032018,2018,07,11,00,166.5,720.62,9518.9375
NA,North Atlantic,MIN_HUR,Minor Hurricane,AL032018,2018,07,11,06,166.5,626.29,8007.5
NA,North Atlantic,MIN_HUR,Minor Hurricane,AL032024,2024,06,30,00,129.6,709.83,0.0
NA,North Atlantic,MIN_HUR,Minor Hurricane,AL032024,2024,06,30,06,157.32000000000002,587.36,0.0
NA,North Atlantic,MIN_HUR,Minor Hurricane,AL032024,2024,07,04,18,176.04,557.53,23705.07502007828
NA,North Atlantic,MIN_HUR,Minor Hurricane,AL032024,2024,07,05,06,176.04,581.47,21100.524266646244
NA,North Atlantic,MIN_HUR,Minor Hurricane,AL032024,2024,07,05,12,148.32000000000002,614.89,23271.593259939807
NA,North Atlantic,MIN_HUR,Minor Hurricane,AL032024,2024,07,08,06,129.6,657.76,19074.19088260492
NA,North Atlantic,MIN_HUR,Minor Hurricane,AL032024,2024,07,08,12,120.24,464.34,20723.48498148704
NA,North Atlantic,MIN_HUR,Minor Hurricane,AL042003,2003,07,10,12,129.5,694.65,17846.5625
NA,North Atlantic,MIN_HUR,Minor Hurricane,AL042003,2003,07,15,06,120.2,252.36,9342.875
NA,North Atlantic,MIN_HUR,Minor Hurricane,AL042003,2003,07,15,12,138.7,357.75,10856.5
NA,North Atlantic,MIN_HUR,Minor Hurricane,AL042003,2003,07,15,18,129.5,345.9,11173.625
NA,North Atlantic,MIN_HUR,Minor Hurricane,AL042005,2005,07,07,00,129.5,942.0,29851.75
NA,North Atlantic,MIN_HUR,Minor Hurricane,AL042005,2005,07,07,06,148.0,749.11,26501.3125
NA,North Atlantic,MIN_HUR,Minor Hurricane,AL042005,2005,07,07,12,166.5,578.26,28092.75
NA,North Atlantic,MIN_HUR,Minor Hurricane,AL042005,2005,07,09,06,138.7,647.55,35127.4375
NA,North Atlantic,MIN_HUR,Minor Hurricane,AL042005,2005,07,09,12,148.0,662.22,33812.625
NA,North Atlantic,MIN_HUR,Minor Hurricane,AL042005,2005,07,09,18,166.5,911.24,44607.8125
NA,North Atlantic,MIN_HUR,Minor Hurricane,AL042007,2007,08,16,06,129.5,429.76,0.0
NA,North Atlantic,MIN_HUR,Minor Hurricane,AL042007,2007,08,16,12,148.0,403.46,0.0
NA,North Atlantic,MIN_HUR,Minor Hurricane,AL042007,2007,08,16,18,148.0,568.2,1280.9375
NA,North Atlantic,MIN_HUR,Minor Hurricane,AL042007,2007,08,17,00,148.0,642.25,5306.875
NA,North Atlantic,MIN_HUR,Minor Hurricane,AL042007,2007,08,17,06,148.0,801.82,18834.625
NA,North Atlantic,MIN_HUR,Minor Hurricane,AL042007,2007,08,17,12,166.5,698.26,17737.0
NA,North Atlantic,MIN_HUR,Minor Hurricane,AL042007,2007,08,21,18,138.7,800.39,40828.3125
NA,North Atlantic,MIN_HUR,Minor Hurricane,AL042007,2007,08,22,00,120.2,859.67,36157.1875
NA,North Atlantic,MIN_HUR,Minor Hurricane,AL042007,2007,08,22,06,129.5,714.61,36439.3125
NA,North Atlantic,MIN_HUR,Minor Hurricane,AL042007,2007,08,22,12,148.0,717.84,40879.3125
NA,North Atlantic,MIN_HUR,Minor Hurricane,AL042007,2007,08,22,18,138.7,718.55,51487.875
NA,North Atlantic,MIN_HUR,Minor Hurricane,AL042008,2008,07,23,00,120.2,827.02,20456.9375
NA,North Atlantic,MIN_HUR,Minor Hurricane,AL042008,2008,07,23,06,129.5,719.77,23176.875
NA,North Atlantic,MIN_HUR,Minor Hurricane,AL042008,2008,07,23,12,157.2,531.86,34178.1875
NA,North Atlantic,MIN_HUR,Minor Hurricane,AL042008,2008,07,23,18,138.7,590.0,32034.6875
NA,North Atlantic,MIN_HUR,Minor Hurricane,AL042008,2008,07,24,00,120.2,1222.73,29444.6875
NA,North Atlantic,MIN_HUR,Minor Hurricane,AL042014,2014,08,26,00,120.2,852.99,51920.9375
NA,North Atlantic,MIN_HUR,Minor Hurricane,AL042014,2014,08,26,06,120.2,639.18,41741.4375
NA,North Atlantic,MIN_HUR,Minor Hurricane,AL042014,2014,08,26,12,120.2,612.72,53086.3125
NA,North Atlantic,MIN_HUR,Minor Hurricane,AL042014,2014,08,26,18,120.2,790.13,45047.1875
NA,North Atlantic,MIN_HUR,Minor Hurricane,AL042014,2014,08,27,00,129.5,732.51,27949.9375
NA,North Atlantic,MIN_HUR,Minor Hurricane,AL042014,2014,08,27,06,129.5,541.76,24049.4375
NA,North Atlantic,MIN_HUR,Minor Hurricane,AL042014,2014,08,27,12,129.5,654.71,23483.4375
NA,North Atlantic,MIN_HUR,Minor Hurricane,AL042014,2014,08,27,18,120.2,690.69,16237.1875
NA,North Atlantic,MIN_HUR,Minor Hurricane,AL042014,2014,08,28,00,120.2,447.38,5211.375
NA,North Atlantic,MIN_HUR,Minor Hurricane,AL042014,2014,08,28,06,120.2,674.65,6088.75
NA,North Atlantic,MIN_HUR,Minor Hurricane,AL042024,2024,08,05,06,129.6,744.86,43806.32879940013
NA,North Atlantic,MIN_HUR,Minor Hurricane,AL042024,2024,08,05,12,120.24,665.06,42991.632298910525
NA,North Atlantic,MIN_HUR,Minor Hurricane,AL052005,2005,07,14,00,129.5,838.31,11591.5625
NA,North Atlantic,MIN_HUR,Minor Hurricane,AL052005,2005,07,14,06,138.7,602.1,19571.1875
NA,North Atlantic,MIN_HUR,Minor Hurricane,AL052005,2005,07,14,12,157.2,521.78,12286.875
NA,North Atlantic,MIN_HUR,Minor Hurricane,AL052005,2005,07,15,18,175.7,801.9,27012.4375
NA,North Atlantic,MIN_HUR,Minor Hurricane,AL052005,2005,07,18,12,120.2,662.81,20014.875
NA,North Atlantic,MIN_HUR,Minor Hurricane,AL052005,2005,07,18,18,120.2,795.22,29732.6875
NA,North Atlantic,MIN_HUR,Minor Hurricane,AL052005,2005,07,19,00,138.7,823.78,29253.4375
NA,North Atlantic,MIN_HUR,Minor Hurricane,AL052005,2005,07,19,06,148.0,800.47,26848.5
NA,North Atlantic,MIN_HUR,Minor Hurricane,AL052005,2005,07,19,12,148.0,589.61,41608.4375
NA,North Atlantic,MIN_HUR,Minor Hurricane,AL052005,2005,07,19,18,157.2,741.97,36910.375
NA,North Atlantic,MIN_HUR,Minor Hurricane,AL052005,2005,07,20,18,129.5,594.17,33015.4375
NA,North Atlantic,MIN_HUR,Minor Hurricane,AL052012,2012,08,07,12,120.2,903.19,28985.0
NA,North Atlantic,MIN_HUR,Minor Hurricane,AL052012,2012,08,07,18,138.7,854.8,35097.0625
NA,North Atlantic,MIN_HUR,Minor Hurricane,AL052012,2012,08,08,00,148.0,773.38,45505.4375
NA,North Atlantic,MIN_HUR,Minor Hurricane,AL052012,2012,08,08,06,148.0,803.97,33209.5
NA,North Atlantic,MIN_HUR,Minor Hurricane,AL052016,2016,08,03,18,120.2,653.95,33938.6875
NA,North Atlantic,MIN_HUR,Minor Hurricane,AL052016,2016,08,04,00,129.5,826.65,48533.625
NA,North Atlantic,MIN_HUR,Minor Hurricane,AL052016,2016,08,04,06,138.7,852.39,45887.0
NA,North Atlantic,MIN_HUR,Minor Hurricane,AL052019,2019,08,28,18,129.5,400.72,11026.75
NA,North Atlantic,MIN_HUR,Minor Hurricane,AL052019,2019,08,29,00,138.7,391.36,7511.4375
NA,North Atlantic,MIN_HUR,Minor Hurricane,AL052019,2019,08,29,06,138.7,460.44,9139.625
NA,North Atlantic,MIN_HUR,Minor Hurricane,AL052019,2019,08,29,12,138.7,339.88,10287.8125
NA,North Atlantic,MIN_HUR,Minor Hurricane,AL052019,2019,08,29,18,138.7,589.74,13020.6875
NA,North Atlantic,MIN_HUR,Minor Hurricane,AL052019,2019,08,30,00,148.0,588.55,11667.625
NA,North Atlantic,MIN_HUR,Minor Hurricane,AL052019,2019,08,30,06,166.5,567.24,11871.5
NA,North Atlantic,MIN_HUR,Minor Hurricane,AL052019,2019,08,30,12,175.7,535.66,12344.875
NA,North Atlantic,MIN_HUR,Minor Hurricane,AL052019,2019,09,03,18,175.7,486.74,24004.4375
NA,North Atlantic,MIN_HUR,Minor Hurricane,AL052019,2019,09,04,00,166.5,659.46,25343.9375
NA,North Atlantic,MIN_HUR,Minor Hurricane,AL052019,2019,09,04,06,166.5,666.35,25866.5
NA,North Atlantic,MIN_HUR,Minor Hurricane,AL052019,2019,09,04,12,166.5,450.27,22452.3125
NA,North Atlantic,MIN_HUR,Minor Hurricane,AL052019,2019,09,04,18,175.7,647.65,31221.6875
NA,North Atlantic,MIN_HUR,Minor Hurricane,AL052019,2019,09,05,18,175.7,745.57,24574.5
NA,North Atlantic,MIN_HUR,Minor Hurricane,AL052019,2019,09,06,00,166.5,449.99,24064.8125
NA,North Atlantic,MIN_HUR,Minor Hurricane,AL052019,2019,09,06,06,166.5,412.01,15809.5
NA,North Atlantic,MIN_HUR,Minor Hurricane,AL052021,2021,07,02,12,120.24,587.88,14757.167594697326
NA,North Atlantic,MIN_HUR,Minor Hurricane,AL052021,2021,07,02,18,138.96,693.08,23023.271153051523
NA,North Atlantic,MIN_HUR,Minor Hurricane,AL052021,2021,07,03,00,129.6,670.72,19701.027737511555
NA,North Atlantic,MIN_HUR,Minor Hurricane,AL052021,2021,07,03,06,120.24,618.46,12907.726162009058
NA,North Atlantic,MIN_HUR,Minor Hurricane,AL052021,2021,07,07,00,120.24,859.72,16539.40823650366
NA,North Atlantic,MIN_HUR,Minor Hurricane,AL062004,2004,08,26,18,120.2,421.65,0.0
NA,North Atlantic,MIN_HUR,Minor Hurricane,AL062004,2004,08,27,00,129.5,509.01,0.0
NA,North Atlantic,MIN_HUR,Minor Hurricane,AL062004,2004,08,27,06,138.7,468.54,0.0
NA,North Atlantic,MIN_HUR,Minor Hurricane,AL062004,2004,08,27,12,166.5,310.79,0.0
NA,North Atlantic,MIN_HUR,Minor Hurricane,AL062004,2004,09,03,12,175.7,560.28,26374.8125
NA,North Atlantic,MIN_HUR,Minor Hurricane,AL062004,2004,09,03,18,166.5,720.86,28134.375
NA,North Atlantic,MIN_HUR,Minor Hurricane,AL062004,2004,09,04,00,157.2,674.98,22930.75
NA,North Atlantic,MIN_HUR,Minor Hurricane,AL062004,2004,09,04,06,157.2,472.91,29798.8125
NA,North Atlantic,MIN_HUR,Minor Hurricane,AL062004,2004,09,04,12,166.5,572.04,34756.3125
NA,North Atlantic,MIN_HUR,Minor Hurricane,AL062004,2004,09,04,18,166.5,589.15,23432.5
NA,North Atlantic,MIN_HUR,Minor Hurricane,AL062004,2004,09,05,00,175.7,684.3,28911.5625
NA,North Atlantic,MIN_HUR,Minor Hurricane,AL062004,2004,09,05,06,166.5,320.6,26516.75
NA,North Atlantic,MIN_HUR,Minor Hurricane,AL062004,2004,09,05,12,148.0,601.42,36383.8125
NA,North Atlantic,MIN_HUR,Minor Hurricane,AL062006,2006,08,27,06,120.2,758.56,25433.125
NA,North Atlantic,MIN_HUR,Minor Hurricane,AL062007,2007,09,02,00,120.2,665.03,14367.625
NA,North Atlantic,MIN_HUR,Minor Hurricane,AL062007,2007,09,02,06,157.2,673.12,25820.625
NA,North Atlantic,MIN_HUR,Minor Hurricane,AL062007,2007,09,02,12,166.5,659.38,21288.75
NA,North Atlantic,MIN_HUR,Minor Hurricane,AL062007,2007,09,04,18,157.2,705.31,35182.125
NA,North Atlantic,MIN_HUR,Minor Hurricane,AL062018,2018,09,04,00,120.2,337.62,0.0
NA,North Atlantic,MIN_HUR,Minor Hurricane,AL062018,2018,09,04,06,120.2,350.0,0.0
NA,North Atlantic,MIN_HUR,Minor Hurricane,AL062018,2018,09,04,12,129.5,332.76,0.0
NA,North Atlantic,MIN_HUR,Minor Hurricane,AL062018,2018,09,04,18,138.7,374.97,0.0
NA,North Atlantic,MIN_HUR,Minor Hurricane,AL062018,2018,09,05,00,157.2,212.38,0.0
NA,North Atlantic,MIN_HUR,Minor Hurricane,AL062018,2018,09,05,06,175.7,251.57,0.0
NA,North Atlantic,MIN_HUR,Minor Hurricane,AL062018,2018,09,06,12,166.5,396.74,0.0
NA,North Atlantic,MIN_HUR,Minor Hurricane,AL062018,2018,09,06,18,138.7,499.27,0.0
NA,North Atlantic,MIN_HUR,Minor Hurricane,AL062018,2018,09,09,12,120.2,432.56,205.9375
NA,North Atlantic,MIN_HUR,Minor Hurricane,AL062018,2018,09,09,18,129.5,322.17,14.875
NA,North Atlantic,MIN_HUR,Minor Hurricane,AL062018,2018,09,10,00,148.0,379.57,64.25
NA,North Atlantic,MIN_HUR,Minor Hurricane,AL062018,2018,09,10,06,166.5,374.72,886.0
NA,North Atlantic,MIN_HUR,Minor Hurricane,AL062018,2018,09,13,12,175.7,550.46,23130.1875
NA,North Atlantic,MIN_HUR,Minor Hurricane,AL062018,2018,09,13,18,166.5,709.17,23673.4375
NA,North Atlantic,MIN_HUR,Minor Hurricane,AL062018,2018,09,14,00,166.5,719.01,19745.9375
NA,North Atlantic,MIN_HUR,Minor Hurricane,AL062018,2018,09,14,06,157.2,586.8,20130.75
NA,North Atlantic,MIN_HUR,Minor Hurricane,AL062018,2018,09,14,12,148.0,336.95,20881.375
NA,North Atlantic,MIN_HUR,Minor Hurricane,AL062018,2018,09,14,18,120.2,584.01,24106.5625
NA,North Atlantic,MIN_HUR,Minor Hurricane,AL062024,2024,09,11,00,120.24,803.04,31022.579404761666
NA,North Atlantic,MIN_HUR,Minor Hurricane,AL062024,2024,09,11,06,148.32000000000002,544.37,31361.959752256636
NA,North Atlantic,MIN_HUR,Minor Hurricane,AL062024,2024,09,11,12,148.32000000000002,495.8,43395.00967064645
NA,North Atlantic,MIN_HUR,Minor Hurricane,AL062024,2024,09,11,18,148.32000000000002,659.31,38552.91618880385
NA,North Atlantic,MIN_HUR,Minor Hurricane,AL062024,2024,09,12,00,129.6,457.4,21332.56532355497
NA,North Atlantic,MIN_HUR,Minor Hurricane,AL072000,2000,08,21,06,120.2,662.33,2426.3125
NA,North Atlantic,MIN_HUR,Minor Hurricane,AL072000,2000,08,21,12,138.7,656.06,3343.25
NA,North Atlantic,MIN_HUR,Minor Hurricane,AL072000,2000,08,21,18,138.7,781.98,5118.125
NA,North Atlantic,MIN_HUR,Minor Hurricane,AL072000,2000,08,22,00,129.5,752.69,11928.8125
NA,North Atlantic,MIN_HUR,Minor Hurricane,AL072000,2000,08,22,06,120.2,481.04,13752.3125
NA,North Atlantic,MIN_HUR,Minor Hurricane,AL072000,2000,08,22,12,120.2,647.13,17529.1875
NA,North Atlantic,MIN_HUR,Minor Hurricane,AL072000,2000,08,22,18,120.2,566.84,17400.875
NA,North Atlantic,MIN_HUR,Minor Hurricane,AL072000,2000,08,23,00,120.2,421.23,14329.3125
NA,North Atlantic,MIN_HUR,Minor Hurricane,AL072000,2000,08,23,06,120.2,398.42,16315.25
NA,North Atlantic,MIN_HUR,Minor Hurricane,AL072004,2004,08,29,12,120.2,636.03,14042.25
NA,North Atlantic,MIN_HUR,Minor Hurricane,AL072008,2008,08,26,06,138.7,583.61,14147.875
NA,North Atlantic,MIN_HUR,Minor Hurricane,AL072008,2008,08,26,12,148.0,626.67,17219.5625
NA,North Atlantic,MIN_HUR,Minor Hurricane,AL072008,2008,08,26,18,129.5,641.77,21449.625
NA,North Atlantic,MIN_HUR,Minor Hurricane,AL072008,2008,08,29,18,120.2,824.54,27179.9375
NA,North Atlantic,MIN_HUR,Minor Hurricane,AL072008,2008,08,30,00,138.7,857.99,24475.1875
NA,North Atlantic,MIN_HUR,Minor Hurricane,AL072008,2008,08,30,06,157.2,705.36,19731.0625
NA,North Atlantic,MIN_HUR,Minor Hurricane,AL072008,2008,08,31,18,175.7,691.74,39907.4375
NA,North Atlantic,MIN_HUR,Minor Hurricane,AL072008,2008,09,01,00,175.7,804.36,36271.4375
NA,North Atlantic,MIN_HUR,Minor Hurricane,AL072008,2008,09,01,06,175.7,419.67,19521.3125
NA,North Atlantic,MIN_HUR,Minor Hurricane,AL072008,2008,09,01,12,175.7,457.43,29442.0625
NA,North Atlantic,MIN_HUR,Minor Hurricane,AL072008,2008,09,01,18,157.2,499.84,32588.75
NA,North Atlantic,MIN_HUR,Minor Hurricane,AL072010,2010,08,29,12,120.2,564.12,1204.125
NA,North Atlantic,MIN_HUR,Minor Hurricane,AL072010,2010,08,29,18,138.7,517.24,7429.3125
NA,North Atlantic,MIN_HUR,Minor Hurricane,AL072010,2010,08,30,00,157.2,665.62,13788.5
NA,North Atlantic,MIN_HUR,Minor Hurricane,AL072010,2010,08,30,06,175.7,627.24,23983.125
NA,North Atlantic,MIN_HUR,Minor Hurricane,AL072010,2010,09,03,00,166.5,430.22,19965.5625
NA,North Atlantic,MIN_HUR,Minor Hurricane,AL072010,2010,09,03,06,157.2,306.79,8712.8125
NA,North Atlantic,MIN_HUR,Minor Hurricane,AL072017,2017,08,09,18,120.2,655.1,30242.625
NA,North Atlantic,MIN_HUR,Minor Hurricane,AL072017,2017,08,10,00,138.7,680.64,26339.375
NA,North Atlantic,MIN_HUR,Minor Hurricane,AL072021,2021,08,18,12,120.24,558.39,19256.17544063041
NA,North Atlantic,MIN_HUR,Minor Hurricane,AL072021,2021,08,18,18,129.6,740.86,29610.6269323302
NA,North Atlantic,MIN_HUR,Minor Hurricane,AL072021,2021,08,19,00,129.6,738.82,23257.0257459202
NA,North Atlantic,MIN_HUR,Minor Hurricane,AL072021,2021,08,19,06,129.6,778.36,19037.07295706036
NA,North Atlantic,MIN_HUR,Minor Hurricane,AL072021,2021,08,20,12,138.96,642.17,22404.268899367773
NA,North Atlantic,MIN_HUR,Minor Hurricane,AL072021,2021,08,20,18,157.32000000000002,652.4,32632.61019333597
NA,North Atlantic,MIN_HUR,Minor Hurricane,AL072022,2022,09,18,12,120.24,592.42,24800.4387073323
NA,North Atlantic,MIN_HUR,Minor Hurricane,AL072022,2022,09,18,18,138.96,641.84,23723.107406058407
NA,North Atlantic,MIN_HUR,Minor Hurricane,AL072022,2022,09,19,00,138.96,668.84,23970.256000476016
NA,North Atlantic,MIN_HUR,Minor Hurricane,AL072022,2022,09,19,06,148.32000000000002,734.13,27069.000692474077
NA,North Atlantic,MIN_HUR,Minor Hurricane,AL072022,2022,09,19,12,138.96,710.48,30091.76367248624
NA,North Atlantic,MIN_HUR,Minor Hurricane,AL072022,2022,09,19,18,157.32000000000002,695.49,35000.392852042336
NA,North Atlantic,MIN_HUR,Minor Hurricane,AL072022,2022,09,20,00,176.04,583.11,31348.24369421095
NA,North Atlantic,MIN_HUR,Minor Hurricane,AL082001,2001,09,17,00,120.2,772.69,21425.0625
NA,North Atlantic,MIN_HUR,Minor Hurricane,AL082001,2001,09,17,06,120.2,720.06,13433.75
NA,North Atlantic,MIN_HUR,Minor Hurricane,AL082003,2003,08,16,12,120.2,324.14,11874.375
NA,North Atlantic,MIN_HUR,Minor Hurricane,AL082008,2008,09,01,18,129.5,724.66,50092.375
NA,North Atlantic,MIN_HUR,Minor Hurricane,AL082008,2008,09,02,00,138.7,868.57,48295.875
NA,North Atlantic,MIN_HUR,Minor Hurricane,AL082008,2008,09,02,06,120.2,735.8,38151.4375
NA,North Atlantic,MIN_HUR,Minor Hurricane,AL082017,2017,08,15,06,120.2,476.62,13170.375
NA,North Atlantic,MIN_HUR,Minor Hurricane,AL082017,2017,08,15,12,129.5,695.09,10160.25
NA,North Atlantic,MIN_HUR,Minor Hurricane,AL082017,2017,08,15,18,129.5,803.35,12692.8125
NA,North Atlantic,MIN_HUR,Minor Hurricane,AL082017,2017,08,16,00,138.7,714.28,8218.4375
NA,North Atlantic,MIN_HUR,Minor Hurricane,AL082020,2020,07,25,12,129.5,559.79,29098.125
NA,North Atlantic,MIN_HUR,Minor Hurricane,AL082020,2020,07,25,18,148.0,657.74,31144.125
NA,North Atlantic,MIN_HUR,Minor Hurricane,AL082020,2020,07,26,00,138.7,940.32,26248.375
NA,North Atlantic,MIN_HUR,Minor Hurricane,AL082023,2023,08,26,12,120.24,657.42,26348.795666892605
NA,North Atlantic,MIN_HUR,Minor Hurricane,AL082023,2023,08,26,18,129.6,767.77,30399.91519764869
NA,North Atlantic,MIN_HUR,Minor Hurricane,AL082023,2023,08,27,00,138.96,624.47,12963.087908215764
NA,North Atlantic,MIN_HUR,Minor Hurricane,AL082023,2023,08,27,06,138.96,517.1,15196.647142253583
NA,North Atlantic,MIN_HUR,Minor Hurricane,AL082023,2023,08,27,12,148.32000000000002,531.22,18468.18330885074
NA,North Atlantic,MIN_HUR,Minor Hurricane,AL082023,2023,08,27,18,148.32000000000002,729.11,17676.29290320858
NA,North Atlantic,MIN_HUR,Minor Hurricane,AL082023,2023,08,28,00,157.32000000000002,789.38,15052.355964581133
NA,North Atlantic,MIN_HUR,Minor Hurricane,AL092004,2004,09,05,06,120.2,343.01,0.0
NA,North Atlantic,MIN_HUR,Minor Hurricane,AL092004,2004,09,05,12,157.2,333.84,0.0
NA,North Atlantic,MIN_HUR,Minor Hurricane,AL092004,2004,09,06,18,166.5,565.27,0.0
NA,North Atlantic,MIN_HUR,Minor Hurricane,AL092004,2004,09,07,00,166.5,699.11,1224.3125
NA,North Atlantic,MIN_HUR,Minor Hurricane,AL092004,2004,09,07,06,175.7,414.82,453.0
NA,North Atlantic,MIN_HUR,Minor Hurricane,AL092004,2004,09,16,12,129.5,524.7,47117.4375
NA,North Atlantic,MIN_HUR,Minor Hurricane,AL092007,2007,09,13,06,148.0,230.4,9401.0625
NA,North Atlantic,MIN_HUR,Minor Hurricane,AL092007,2007,09,13,12,120.2,318.58,14046.0625
NA,North Atlantic,MIN_HUR,Minor Hurricane,AL092008,2008,09,03,18,138.7,309.14,0.0
NA,North Atlantic,MIN_HUR,Minor Hurricane,AL092008,2008,09,06,12,175.7,441.8,15380.375
NA,North Atlantic,MIN_HUR,Minor Hurricane,AL092008,2008,09,08,12,157.2,545.93,23141.0625
NA,North Atlantic,MIN_HUR,Minor Hurricane,AL092008,2008,09,08,18,138.7,635.9,29766.5
NA,North Atlantic,MIN_HUR,Minor Hurricane,AL092008,2008,09,09,00,129.5,784.82,27876.0
NA,North Atlantic,MIN_HUR,Minor Hurricane,AL092008,2008,09,09,06,129.5,472.28,29538.875
NA,North Atlantic,MIN_HUR,Minor Hurricane,AL092008,2008,09,09,12,129.5,642.9,30969.625
NA,North Atlantic,MIN_HUR,Minor Hurricane,AL092008,2008,09,09,18,120.2,643.34,29098.9375
NA,North Atlantic,MIN_HUR,Minor Hurricane,AL092008,2008,09,10,00,120.2,667.07,28507.25
NA,North Atlantic,MIN_HUR,Minor Hurricane,AL092008,2008,09,10,06,129.5,552.06,35633.25
NA,North Atlantic,MIN_HUR,Minor Hurricane,AL092008,2008,09,10,12,148.0,700.34,49601.1875
NA,North Atlantic,MIN_HUR,Minor Hurricane,AL092008,2008,09,10,18,157.2,618.99,45665.1875
NA,North Atlantic,MIN_HUR,Minor Hurricane,AL092008,2008,09,11,00,157.2,717.38,45326.1875
NA,North Atlantic,MIN_HUR,Minor Hurricane,AL092008,2008,09,11,06,157.2,568.36,37466.1875
NA,North Atlantic,MIN_HUR,Minor Hurricane,AL092008,2008,09,11,12,157.2,767.1,44039.6875
NA,North Atlantic,MIN_HUR,Minor Hurricane,AL092008,2008,09,11,18,157.2,672.54,48423.25
NA,North Atlantic,MIN_HUR,Minor Hurricane,AL092008,2008,09,12,00,157.2,767.39,42040.8125
NA,North Atlantic,MIN_HUR,Minor Hurricane,AL092008,2008,09,12,06,166.5,563.15,45814.3125
NA,North Atlantic,MIN_HUR,Minor Hurricane,AL092008,2008,09,12,12,175.7,589.31,39372.8125
NA,North Atlantic,MIN_HUR,Minor Hurricane,AL092008,2008,09,12,18,175.7,591.95,32542.8125
NA,North Atlantic,MIN_HUR,Minor Hurricane,AL092008,2008,09,13,00,175.7,757.4,29200.0
NA,North Atlantic,MIN_HUR,Minor Hurricane,AL092008,2008,09,13,12,157.2,491.56,26030.0625
NA,North Atlantic,MIN_HUR,Minor Hurricane,AL092011,2011,08,22,06,120.2,380.28,20766.125
NA,North Atlantic,MIN_HUR,Minor Hurricane,AL092011,2011,08,22,12,129.5,395.9,21277.1875
NA,North Atlantic,MIN_HUR,Minor Hurricane,AL092011,2011,08,22,18,138.7,668.97,30923.5625
NA,North Atlantic,MIN_HUR,Minor Hurricane,AL092011,2011,08,23,00,148.0,798.5,31056.1875
NA,North Atlantic,MIN_HUR,Minor Hurricane,AL092011,2011,08,23,06,148.0,620.2,36498.75
NA,North Atlantic,MIN_HUR,Minor Hurricane,AL092011,2011,08,23,12,148.0,628.92,41286.8125
NA,North Atlantic,MIN_HUR,Minor Hurricane,AL092011,2011,08,23,18,148.0,743.04,37930.1875
NA,North Atlantic,MIN_HUR,Minor Hurricane,AL092011,2011,08,24,00,148.0,703.02,30494.9375
NA,North Atlantic,MIN_HUR,Minor Hurricane,AL092011,2011,08,24,06,175.7,706.86,23533.3125
NA,North Atlantic,MIN_HUR,Minor Hurricane,AL092011,2011,08,25,00,175.7,758.9,30698.875
NA,North Atlantic,MIN_HUR,Minor Hurricane,AL092011,2011,08,25,06,175.7,627.42,29852.0625
NA,North Atlantic,MIN_HUR,Minor Hurricane,AL092011,2011,08,25,12,166.5,645.24,42900.4375
NA,North Atlantic,MIN_HUR,Minor Hurricane,AL092011,2011,08,25,18,166.5,607.7,47244.0625
NA,North Atlantic,MIN_HUR,Minor Hurricane,AL092011,2011,08,26,00,166.5,744.16,39400.375
NA,North Atlantic,MIN_HUR,Minor Hurricane,AL092011,2011,08,26,06,166.5,596.63,39188.75
NA,North Atlantic,MIN_HUR,Minor Hurricane,AL092011,2011,08,26,12,157.2,608.07,51190.5
NA,North Atlantic,MIN_HUR,Minor Hurricane,AL092011,2011,08,26,18,148.0,758.69,56146.8125
NA,North Atlantic,MIN_HUR,Minor Hurricane,AL092011,2011,08,27,00,138.7,581.06,37272.375
NA,North Atlantic,MIN_HUR,Minor Hurricane,AL092011,2011,08,27,06,138.7,444.14,22871.875
NA,North Atlantic,MIN_HUR,Minor Hurricane,AL092011,2011,08,27,12,138.7,584.19,22523.0625
NA,North Atlantic,MIN_HUR,Minor Hurricane,AL092012,2012,08,28,12,120.2,499.9,22998.6875
NA,North Atlantic,MIN_HUR,Minor Hurricane,AL092012,2012,08,28,18,129.5,640.41,28196.375
NA,North Atlantic,MIN_HUR,Minor Hurricane,AL092012,2012,08,29,00,129.5,786.97,30362.3125
NA,North Atlantic,MIN_HUR,Minor Hurricane,AL092012,2012,08,29,06,129.5,505.32,18290.5
NA,North Atlantic,MIN_HUR,Minor Hurricane,AL092012,2012,08,29,12,120.2,353.28,22667.875
NA,North Atlantic,MIN_HUR,Minor Hurricane,AL092016,2016,09,01,18,120.2,696.16,34962.375
NA,North Atlantic,MIN_HUR,Minor Hurricane,AL092016,2016,09,02,00,129.5,896.98,36200.0625
NA,North Atlantic,MIN_HUR,Minor Hurricane,AL092016,2016,09,02,06,120.2,712.14,50301.9375
NA,North Atlantic,MIN_HUR,Minor Hurricane,AL092017,2017,08,24,18,129.5,708.1,19434.125
NA,North Atlantic,MIN_HUR,Minor Hurricane,AL092017,2017,08,25,00,148.0,858.45,18365.5
NA,North Atlantic,MIN_HUR,Minor Hurricane,AL092017,2017,08,25,06,166.5,657.5,21924.75
NA,North Atlantic,MIN_HUR,Minor Hurricane,AL092017,2017,08,25,12,175.7,454.2,23554.8125
NA,North Atlantic,MIN_HUR,Minor Hurricane,AL092017,2017,08,26,12,120.2,314.73,26806.3125
NA,North Atlantic,MIN_HUR,Minor Hurricane,AL092019,2019,09,16,00,120.2,650.73,18738.875
NA,North Atlantic,MIN_HUR,Minor Hurricane,AL092019,2019,09,16,06,129.5,609.55,28788.0
NA,North Atlantic,MIN_HUR,Minor Hurricane,AL092019,2019,09,16,12,138.7,625.93,30820.5625
NA,North Atlantic,MIN_HUR,Minor Hurricane,AL092019,2019,09,16,18,138.7,1094.34,31584.875
NA,North Atlantic,MIN_HUR,Minor Hurricane,AL092019,2019,09,17,00,148.0,772.07,20497.5
NA,North Atlantic,MIN_HUR,Minor Hurricane,AL092019,2019,09,17,06,157.2,694.51,24654.875
NA,North Atlantic,MIN_HUR,Minor Hurricane,AL092019,2019,09,17,12,166.5,845.54,33732.0
NA,North Atlantic,MIN_HUR,Minor Hurricane,AL092019,2019,09,17,18,175.7,689.48,48887.1875
NA,North Atlantic,MIN_HUR,Minor Hurricane,AL092020,2020,07,31,00,120.2,607.34,23198.6875
NA,North Atlantic,MIN_HUR,Minor Hurricane,AL092020,2020,07,31,06,129.5,518.2,17775.5
NA,North Atlantic,MIN_HUR,Minor Hurricane,AL092020,2020,07,31,12,120.2,525.73,15232.1875
NA,North Atlantic,MIN_HUR,Minor Hurricane,AL092020,2020,07,31,18,129.5,540.0,17721.125
NA,North Atlantic,MIN_HUR,Minor Hurricane,AL092020,2020,08,01,00,138.7,621.36,16754.8125
NA,North Atlantic,MIN_HUR,Minor Hurricane,AL092020,2020,08,01,06,138.7,543.49,11317.9375
NA,North Atlantic,MIN_HUR,Minor Hurricane,AL092020,2020,08,01,12,129.5,464.48,9999.125
NA,North Atlantic,MIN_HUR,Minor Hurricane,AL092020,2020,08,03,18,120.2,456.66,26722.25
NA,North Atlantic,MIN_HUR,Minor Hurricane,AL092020,2020,08,04,00,148.0,425.26,17438.75
NA,North Atlantic,MIN_HUR,Minor Hurricane,AL092021,2021,08,27,18,129.6,814.76,33394.19233741105
NA,North Atlantic,MIN_HUR,Minor Hurricane,AL092021,2021,08,28,00,129.6,974.55,24301.26951060997
NA,North Atlantic,MIN_HUR,Minor Hurricane,AL092021,2021,08,28,06,129.6,676.86,15908.840934842068
NA,North Atlantic,MIN_HUR,Minor Hurricane,AL092021,2021,08,28,12,129.6,815.38,28748.98099063185
NA,North Atlantic,MIN_HUR,Minor Hurricane,AL092021,2021,08,28,18,148.32000000000002,830.54,32701.84290417022
NA,North Atlantic,MIN_HUR,Minor Hurricane,AL092021,2021,08,29,00,166.68,845.43,22715.891456964837
NA,North Atlantic,MIN_HUR,Minor Hurricane,AL092022,2022,09,26,06,120.24,754.67,28242.08494553814
NA,North Atlantic,MIN_HUR,Minor Hurricane,AL092022,2022,09,26,12,129.6,653.55,33787.65219807939
NA,North Atlantic,MIN_HUR,Minor Hurricane,AL092022,2022,09,26,18,148.32000000000002,740.62,41887.44665615907
NA,North Atlantic,MIN_HUR,Minor Hurricane,AL092022,2022,09,27,00,157.32000000000002,981.22,55949.860824128205
NA,North Atlantic,MIN_HUR,Minor Hurricane,AL092022,2022,09,29,06,120.24,678.51,42460.98530406586
NA,North Atlantic,MIN_HUR,Minor Hurricane,AL092022,2022,09,29,18,120.24,830.24,52246.945775461325
NA,North Atlantic,MIN_HUR,Minor Hurricane,AL092022,2022,09,30,00,129.6,797.09,40560.956162153976
NA,North Atlantic,MIN_HUR,Minor Hurricane,AL092024,2024,09,25,12,120.24,878.2,72035.12157482776
NA,North Atlantic,MIN_HUR,Minor Hurricane,AL092024,2024,09,25,18,138.96,983.79,83443.13617284363
NA,North Atlantic,MIN_HUR,Minor Hurricane,AL092024,2024,09,26,00,138.96,1051.88,74502.73517353402
NA,North Atlantic,MIN_HUR,Minor Hurricane,AL092024,2024,09,26,06,138.96,856.82,63883.5616113345
NA,North Atlantic,MIN_HUR,Minor Hurricane,AL092024,2024,09,26,12,157.32000000000002,681.39,62640.26228772564
NA,North Atlantic,MIN_HUR,Minor Hurricane,AL102000,2000,09,11,18,120.2,669.82,7253.5625
NA,North Atlantic,MIN_HUR,Minor Hurricane,AL102000,2000,09,12,00,120.2,318.1,6925.5
NA,North Atlantic,MIN_HUR,Minor Hurricane,AL102000,2000,09,12,18,120.2,898.23,11169.5625
NA,North Atlantic,MIN_HUR,Minor Hurricane,AL102000,2000,09,13,00,120.2,748.97,9476.625
NA,North Atlantic,MIN_HUR,Minor Hurricane,AL102000,2000,09,16,00,120.2,848.37,20069.4375
NA,North Atlantic,MIN_HUR,Minor Hurricane,AL102000,2000,09,16,06,120.2,583.42,13677.375
NA,North Atlantic,MIN_HUR,Minor Hurricane,AL102000,2000,09,16,12,120.2,768.97,8168.0625
NA,North Atlantic,MIN_HUR,Minor Hurricane,AL102002,2002,09,19,18,120.2,603.51,27783.8125
NA,North Atlantic,MIN_HUR,Minor Hurricane,AL102002,2002,09,20,00,138.7,947.08,30911.5625
NA,North Atlantic,MIN_HUR,Minor Hurricane,AL102002,2002,09,20,06,166.5,784.88,31404.8125
NA,North Atlantic,MIN_HUR,Minor Hurricane,AL102002,2002,09,20,12,157.2,761.39,34425.875
NA,North Atlantic,MIN_HUR,Minor Hurricane,AL102002,2002,09,20,18,138.7,1330.78,80393.1875
NA,North Atlantic,MIN_HUR,Minor Hurricane,AL102002,2002,09,21,00,138.7,1715.12,88812.75
NA,North Atlantic,MIN_HUR,Minor Hurricane,AL102002,2002,09,21,06,157.2,908.79,41625.9375
NA,North Atlantic,MIN_HUR,Minor Hurricane,AL102002,2002,09,23,06,129.5,917.42,70202.25
NA,North Atlantic,MIN_HUR,Minor Hurricane,AL102013,2013,09,14,18,120.2,902.76,78570.125
NA,North Atlantic,MIN_HUR,Minor Hurricane,AL102013,2013,09,15,00,138.7,1100.94,79003.1875
NA,North Atlantic,MIN_HUR,Minor Hurricane,AL102013,2013,09,15,06,138.7,1099.86,77783.25
NA,North Atlantic,MIN_HUR,Minor Hurricane,AL102013,2013,09,15,12,120.2,931.51,78394.0
NA,North Atlantic,MIN_HUR,Minor Hurricane,AL102013,2013,09,15,18,120.2,885.08,77083.5625
NA,North Atlantic,MIN_HUR,Minor Hurricane,AL102013,2013,09,16,00,129.5,928.87,77234.5
NA,North Atlantic,MIN_HUR,Minor Hurricane,AL102023,2023,08,29,06,120.24,971.92,24138.270389362995
NA,North Atlantic,MIN_HUR,Minor Hurricane,AL102023,2023,08,29,12,129.6,877.36,27732.34805923066
NA,North Atlantic,MIN_HUR,Minor Hurricane,AL102023,2023,08,29,18,148.32000000000002,866.81,41047.39334288117
NA,North Atlantic,MIN_HUR,Minor Hurricane,AL102023,2023,08,30,00,166.68,859.88,30303.3920116456
NA,North Atlantic,MIN_HUR,Minor Hurricane,AL112000,2000,09,17,00,120.2,956.04,29573.75
NA,North Atlantic,MIN_HUR,Minor Hurricane,AL112000,2000,09,17,06,129.5,567.06,27098.625
NA,North Atlantic,MIN_HUR,Minor Hurricane,AL112000,2000,09,17,12,120.2,645.15,33384.1875
NA,North Atlantic,MIN_HUR,Minor Hurricane,AL112000,2000,09,17,18,120.2,903.1,26889.875
NA,North Atlantic,MIN_HUR,Minor Hurricane,AL112001,2001,10,06,18,120.2,456.0,10387.875
NA,North Atlantic,MIN_HUR,Minor Hurricane,AL112001,2001,10,07,00,138.7,759.78,12849.1875
NA,North Atlantic,MIN_HUR,Minor Hurricane,AL112001,2001,10,07,06,138.7,461.73,12327.25
NA,North Atlantic,MIN_HUR,Minor Hurricane,AL112001,2001,10,07,12,138.7,521.72,8728.5
NA,North Atlantic,MIN_HUR,Minor Hurricane,AL112001,2001,10,07,18,138.7,590.56,12240.9375
NA,North Atlantic,MIN_HUR,Minor Hurricane,AL112001,2001,10,08,00,148.0,710.32,19894.0
NA,North Atlantic,MIN_HUR,Minor Hurricane,AL112001,2001,10,08,06,166.5,596.71,16930.5
NA,North Atlantic,MIN_HUR,Minor Hurricane,AL112004,2004,09,16,12,129.5,595.93,25027.6875
NA,North Atlantic,MIN_HUR,Minor Hurricane,AL112004,2004,09,16,18,120.2,775.89,31031.9375
NA,North Atlantic,MIN_HUR,Minor Hurricane,AL112004,2004,09,20,18,138.7,935.81,41692.0625
NA,North Atlantic,MIN_HUR,Minor Hurricane,AL112004,2004,09,21,00,138.7,879.64,39440.625
NA,North Atlantic,MIN_HUR,Minor Hurricane,AL112004,2004,09,21,06,138.7,627.72,30737.0
NA,North Atlantic,MIN_HUR,Minor Hurricane,AL112004,2004,09,21,12,138.7,980.07,27760.75
NA,North Atlantic,MIN_HUR,Minor Hurricane,AL112004,2004,09,21,18,138.7,697.74,22225.0
NA,North Atlantic,MIN_HUR,Minor Hurricane,AL112004,2004,09,22,00,148.0,666.83,19955.625
NA,North Atlantic,MIN_HUR,Minor Hurricane,AL112004,2004,09,22,06,157.2,271.27,12557.25
NA,North Atlantic,MIN_HUR,Minor Hurricane,AL112004,2004,09,22,12,157.2,405.04,14345.3125
NA,North Atlantic,MIN_HUR,Minor Hurricane,AL112004,2004,09,22,18,157.2,711.81,17660.0625
NA,North Atlantic,MIN_HUR,Minor Hurricane,AL112004,2004,09,23,00,157.2,621.08,15888.375
NA,North Atlantic,MIN_HUR,Minor Hurricane,AL112004,2004,09,23,06,157.2,256.29,7691.0625
NA,North Atlantic,MIN_HUR,Minor Hurricane,AL112004,2004,09,23,12,148.0,576.69,14284.6875
NA,North Atlantic,MIN_HUR,Minor Hurricane,AL112004,2004,09,23,18,138.7,448.48,15549.5
NA,North Atlantic,MIN_HUR,Minor Hurricane,AL112004,2004,09,24,00,129.5,582.52,12672.125
NA,North Atlantic,MIN_HUR,Minor Hurricane,AL112004,2004,09,24,06,138.7,157.38,5050.3125
NA,North Atlantic,MIN_HUR,Minor Hurricane,AL112004,2004,09,24,12,148.0,614.88,16756.5625
NA,North Atlantic,MIN_HUR,Minor Hurricane,AL112004,2004,09,24,18,157.2,424.27,12989.4375
NA,North Atlantic,MIN_HUR,Minor Hurricane,AL112004,2004,09,25,00,157.2,499.83,15372.75
NA,North Atlantic,MIN_HUR,Minor Hurricane,AL112004,2004,09,25,06,166.5,494.27,14666.625
NA,North Atlantic,MIN_HUR,Minor Hurricane,AL112004,2004,09,26,06,175.7,402.94,21572.0
NA,North Atlantic,MIN_HUR,Minor Hurricane,AL112004,2004,09,26,12,138.7,443.06,21454.0
NA,North Atlantic,MIN_HUR,Minor Hurricane,AL112009,2009,11,05,06,120.2,649.58,32052.3125
NA,North Atlantic,MIN_HUR,Minor Hurricane,AL112009,2009,11,05,12,129.5,476.56,20698.1875
NA,North Atlantic,MIN_HUR,Minor Hurricane,AL112009,2009,11,08,00,129.5,963.65,33611.375
NA,North Atlantic,MIN_HUR,Minor Hurricane,AL112009,2009,11,08,06,148.0,930.96,44383.9375
NA,North Atlantic,MIN_HUR,Minor Hurricane,AL112009,2009,11,08,12,157.2,991.99,51426.75
NA,North Atlantic,MIN_HUR,Minor Hurricane,AL112009,2009,11,08,18,157.2,812.76,44903.625
NA,North Atlantic,MIN_HUR,Minor Hurricane,AL112009,2009,11,09,00,166.5,819.79,40279.5
NA,North Atlantic,MIN_HUR,Minor Hurricane,AL112009,2009,11,09,06,148.0,751.86,44973.625
NA,North Atlantic,MIN_HUR,Minor Hurricane,AL112009,2009,11,09,18,120.2,849.12,42995.1875
NA,North Atlantic,MIN_HUR,Minor Hurricane,AL112015,2015,09,30,06,120.2,647.61,21537.375
NA,North Atlantic,MIN_HUR,Minor Hurricane,AL112015,2015,09,30,12,129.5,700.94,25593.3125
NA,North Atlantic,MIN_HUR,Minor Hurricane,AL112015,2015,09,30,18,148.0,490.52,28467.75
NA,North Atlantic,MIN_HUR,Minor Hurricane,AL112015,2015,10,04,12,175.7,785.13,42546.375
NA,North Atlantic,MIN_HUR,Minor Hurricane,AL112015,2015,10,04,18,157.2,735.34,36935.0
NA,North Atlantic,MIN_HUR,Minor Hurricane,AL112015,2015,10,05,00,138.7,684.51,23978.875
NA,North Atlantic,MIN_HUR,Minor Hurricane,AL112015,2015,10,05,06,138.7,731.18,23266.6875
NA,North Atlantic,MIN_HUR,Minor Hurricane,AL112015,2015,10,05,12,138.7,1105.94,25707.3125
NA,North Atlantic,MIN_HUR,Minor Hurricane,AL112017,2017,08,31,06,120.2,501.31,0.0
NA,North Atlantic,MIN_HUR,Minor Hurricane,AL112017,2017,08,31,12,148.0,510.42,0.0
NA,North Atlantic,MIN_HUR,Minor Hurricane,AL112017,2017,08,31,18,175.7,547.02,0.0
NA,North Atlantic,MIN_HUR,Minor Hurricane,AL112017,2017,09,02,12,175.7,489.95,0.0
NA,North Atlantic,MIN_HUR,Minor Hurricane,AL112017,2017,09,02,18,175.7,518.89,0.0
NA,North Atlantic,MIN_HUR,Minor Hurricane,AL112017,2017,09,03,00,175.7,366.0,0.0
NA,North Atlantic,MIN_HUR,Minor Hurricane,AL112017,2017,09,03,06,175.7,492.27,0.0
NA,North Atlantic,MIN_HUR,Minor Hurricane,AL112017,2017,09,09,18,175.7,938.81,60795.8125
NA,North Atlantic,MIN_HUR,Minor Hurricane,AL112017,2017,09,11,00,148.0,680.39,78684.8125
NA,North Atlantic,MIN_HUR,Minor Hurricane,AL112017,2017,09,11,06,120.2,654.79,67734.875
NA,North Atlantic,MIN_HUR,Minor Hurricane,AL122002,2002,09,25,18,120.2,282.73,0.0
NA,North Atlantic,MIN_HUR,Minor Hurricane,AL122002,2002,09,26,00,120.2,346.71,17.125
NA,North Atlantic,MIN_HUR,Minor Hurricane,AL122002,2002,09,26,06,129.5,313.5,0.0
NA,North Atlantic,MIN_HUR,Minor Hurricane,AL122002,2002,09,26,12,138.7,522.52,549.125
NA,North Atlantic,MIN_HUR,Minor Hurricane,AL122002,2002,09,26,18,138.7,574.68,1121.0
NA,North Atlantic,MIN_HUR,Minor Hurricane,AL122002,2002,09,27,00,138.7,474.67,2312.4375
NA,North Atlantic,MIN_HUR,Minor Hurricane,AL122002,2002,09,27,06,138.7,428.24,5228.625
NA,North Atlantic,MIN_HUR,Minor Hurricane,AL122002,2002,09,27,12,138.7,548.45,8199.6875
NA,North Atlantic,MIN_HUR,Minor Hurricane,AL122002,2002,09,27,18,129.5,636.6,10161.75
NA,North Atlantic,MIN_HUR,Minor Hurricane,AL122002,2002,09,28,00,129.5,549.9,8772.625
NA,North Atlantic,MIN_HUR,Minor Hurricane,AL122002,2002,09,28,06,120.2,467.98,12102.25
NA,North Atlantic,MIN_HUR,Minor Hurricane,AL122005,2005,08,26,00,129.5,946.94,25299.25
NA,North Atlantic,MIN_HUR,Minor Hurricane,AL122005,2005,08,26,12,138.7,824.3,31603.9375
NA,North Atlantic,MIN_HUR,Minor Hurricane,AL122005,2005,08,26,18,157.2,992.64,44908.625
NA,North Atlantic,MIN_HUR,Minor Hurricane,AL122005,2005,08,27,00,166.5,934.61,36516.0625
NA,North Atlantic,MIN_HUR,Minor Hurricane,AL122005,2005,08,29,18,148.0,597.21,53190.25
NA,North Atlantic,MIN_HUR,Minor Hurricane,AL122015,2015,11,11,00,120.2,755.76,16633.3125
NA,North Atlantic,MIN_HUR,Minor Hurricane,AL122017,2017,09,06,18,120.2,614.11,0.0
NA,North Atlantic,MIN_HUR,Minor Hurricane,AL122017,2017,09,07,00,129.5,600.34,0.0
NA,North Atlantic,MIN_HUR,Minor Hurricane,AL122017,2017,09,07,06,148.0,513.72,0.0
NA,North Atlantic,MIN_HUR,Minor Hurricane,AL122017,2017,09,07,12,166.5,603.01,0.0
NA,North Atlantic,MIN_HUR,Minor Hurricane,AL122017,2017,09,11,06,166.5,421.31,14494.875
NA,North Atlantic,MIN_HUR,Minor Hurricane,AL122017,2017,09,11,12,157.2,532.16,13765.0625
NA,North Atlantic,MIN_HUR,Minor Hurricane,AL122017,2017,09,11,18,148.0,528.22,11603.25
NA,North Atlantic,MIN_HUR,Minor Hurricane,AL122017,2017,09,12,00,138.7,745.35,16759.3125
NA,North Atlantic,MIN_HUR,Minor Hurricane,AL122017,2017,09,12,06,129.5,404.44,15982.1875
NA,North Atlantic,MIN_HUR,Minor Hurricane,AL122017,2017,09,12,12,129.5,475.48,20024.5625
NA,North Atlantic,MIN_HUR,Minor Hurricane,AL122017,2017,09,12,18,129.5,927.36,27385.25
NA,North Atlantic,MIN_HUR,Minor Hurricane,AL122017,2017,09,13,00,129.5,780.32,19396.5
NA,North Atlantic,MIN_HUR,Minor Hurricane,AL122017,2017,09,13,06,129.5,611.34,14393.75
NA,North Atlantic,MIN_HUR,Minor Hurricane,AL122017,2017,09,13,12,129.5,513.5,13702.375
NA,North Atlantic,MIN_HUR,Minor Hurricane,AL122017,2017,09,13,18,129.5,534.04,15848.6875
NA,North Atlantic,MIN_HUR,Minor Hurricane,AL122017,2017,09,14,00,129.5,579.9,14967.0625
NA,North Atlantic,MIN_HUR,Minor Hurricane,AL122017,2017,09,14,06,129.5,567.99,10240.0
NA,North Atlantic,MIN_HUR,Minor Hurricane,AL122017,2017,09,14,12,120.2,434.81,13326.375
NA,North Atlantic,MIN_HUR,Minor Hurricane,AL122017,2017,09,14,18,120.2,423.66,17097.125
NA,North Atlantic,MIN_HUR,Minor Hurricane,AL122017,2017,09,15,18,120.2,403.55,16588.5
NA,North Atlantic,MIN_HUR,Minor Hurricane,AL122017,2017,09,16,00,120.2,546.6,16820.0625
NA,North Atlantic,MIN_HUR,Minor Hurricane,AL122017,2017,09,16,06,120.2,614.22,22003.6875
NA,North Atlantic,MIN_HUR,Minor Hurricane,AL122017,2017,09,16,12,120.2,906.04,30915.0625
NA,North Atlantic,MIN_HUR,Minor Hurricane,AL122017,2017,09,16,18,120.2,665.27,27711.5625
NA,North Atlantic,MIN_HUR,Minor Hurricane,AL122017,2017,09,17,00,129.5,656.81,19697.125
NA,North Atlantic,MIN_HUR,Minor Hurricane,AL122017,2017,09,17,06,138.7,501.97,20504.3125
NA,North Atlantic,MIN_HUR,Minor Hurricane,AL122017,2017,09,17,12,148.0,442.96,26215.6875
NA,North Atlantic,MIN_HUR,Minor Hurricane,AL122017,2017,09,17,18,148.0,670.57,43162.75
NA,North Atlantic,MIN_HUR,Minor Hurricane,AL122017,2017,09,18,00,148.0,730.02,35644.0
NA,North Atlantic,MIN_HUR,Minor Hurricane,AL122017,2017,09,18,06,138.7,558.67,25252.5
NA,North Atlantic,MIN_HUR,Minor Hurricane,AL122017,2017,09,18,12,129.5,612.83,18304.9375
NA,North Atlantic,MIN_HUR,Minor Hurricane,AL122017,2017,09,18,18,120.2,701.28,16139.0625
NA,North Atlantic,MIN_HUR,Minor Hurricane,AL122017,2017,09,19,00,120.2,586.7,12389.6875
NA,North Atlantic,MIN_HUR,Minor Hurricane,AL132002,2002,09,30,12,120.2,498.61,16082.375
NA,North Atlantic,MIN_HUR,Minor Hurricane,AL132002,2002,09,30,18,120.2,505.24,23156.875
NA,North Atlantic,MIN_HUR,Minor Hurricane,AL132002,2002,10,01,00,129.5,760.6,27392.9375
NA,North Atlantic,MIN_HUR,Minor Hurricane,AL132002,2002,10,01,06,138.7,618.27,19439.1875
NA,North Atlantic,MIN_HUR,Minor Hurricane,AL132002,2002,10,01,12,166.5,424.56,16168.3125
NA,North Atlantic,MIN_HUR,Minor Hurricane,AL132002,2002,10,01,18,166.5,610.33,20344.25
NA,North Atlantic,MIN_HUR,Minor Hurricane,AL132002,2002,10,02,00,166.5,677.67,15163.8125
NA,North Atlantic,MIN_HUR,Minor Hurricane,AL132002,2002,10,03,12,148.0,554.9,28664.5625
NA,North Atlantic,MIN_HUR,Minor Hurricane,AL132003,2003,09,07,12,120.2,527.44,0.0
NA,North Atlantic,MIN_HUR,Minor Hurricane,AL132003,2003,09,07,18,129.5,414.95,0.0
NA,North Atlantic,MIN_HUR,Minor Hurricane,AL132003,2003,09,08,00,148.0,415.5,0.0
NA,North Atlantic,MIN_HUR,Minor Hurricane,AL132003,2003,09,08,06,175.7,468.28,0.0
NA,North Atlantic,MIN_HUR,Minor Hurricane,AL132003,2003,09,16,12,175.7,575.08,52594.25
NA,North Atlantic,MIN_HUR,Minor Hurricane,AL132003,2003,09,16,18,175.7,763.23,44734.875
NA,North Atlantic,MIN_HUR,Minor Hurricane,AL132003,2003,09,17,00,175.7,801.53,48811.1875
NA,North Atlantic,MIN_HUR,Minor Hurricane,AL132003,2003,09,17,06,175.7,335.29,22926.375
NA,North Atlantic,MIN_HUR,Minor Hurricane,AL132003,2003,09,17,12,166.5,708.14,42453.125
NA,North Atlantic,MIN_HUR,Minor Hurricane,AL132003,2003,09,17,18,166.5,727.51,48026.0
NA,North Atlantic,MIN_HUR,Minor Hurricane,AL132003,2003,09,18,00,166.5,596.02,35605.6875
NA,North Atlantic,MIN_HUR,Minor Hurricane,AL132003,2003,09,18,06,166.5,254.68,19767.625
NA,North Atlantic,MIN_HUR,Minor Hurricane,AL132003,2003,09,18,12,166.5,735.73,26343.625
NA,North Atlantic,MIN_HUR,Minor Hurricane,AL132007,2007,09,28,00,129.5,745.3,21232.5
NA,North Atlantic,MIN_HUR,Minor Hurricane,AL132007,2007,09,28,06,120.2,524.99,23538.75
NA,North Atlantic,MIN_HUR,Minor Hurricane,AL132010,2010,09,16,18,129.5,960.59,38700.3125
NA,North Atlantic,MIN_HUR,Minor Hurricane,AL132010,2010,09,17,00,157.2,893.07,32602.625
NA,North Atlantic,MIN_HUR,Minor Hurricane,AL132010,2010,09,17,06,175.7,715.16,34920.125
NA,North Atlantic,MIN_HUR,Minor Hurricane,AL132010,2010,09,17,18,166.5,1021.33,65980.75
NA,North Atlantic,MIN_HUR,Minor Hurricane,AL132017,2017,09,06,18,120.2,749.86,24739.6875
NA,North Atlantic,MIN_HUR,Minor Hurricane,AL132017,2017,09,07,00,129.5,716.99,24561.9375
NA,North Atlantic,MIN_HUR,Minor Hurricane,AL132017,2017,09,07,06,129.5,576.15,24435.75
NA,North Atlantic,MIN_HUR,Minor Hurricane,AL132017,2017,09,07,12,129.5,718.68,26897.9375
NA,North Atlantic,MIN_HUR,Minor Hurricane,AL132017,2017,09,07,18,129.5,566.12,15255.9375
NA,North Atlantic,MIN_HUR,Minor Hurricane,AL132017,2017,09,08,00,138.7,693.19,22171.875
NA,North Atlantic,MIN_HUR,Minor Hurricane,AL132017,2017,09,08,06,148.0,732.09,21878.8125
NA,North Atlantic,MIN_HUR,Minor Hurricane,AL132017,2017,09,08,12,157.2,718.73,20948.375
NA,North Atlantic,MIN_HUR,Minor Hurricane,AL132017,2017,09,08,18,166.5,697.2,17637.1875
NA,North Atlantic,MIN_HUR,Minor Hurricane,AL132017,2017,09,09,00,129.5,877.78,15871.4375
NA,North Atlantic,MIN_HUR,Minor Hurricane,AL132020,2020,08,25,12,120.2,615.58,18993.0
NA,North Atlantic,MIN_HUR,Minor Hurricane,AL132020,2020,08,25,18,129.5,899.47,29626.6875
NA,North Atlantic,MIN_HUR,Minor Hurricane,AL132020,2020,08,26,00,138.7,935.97,27541.6875
NA,North Atlantic,MIN_HUR,Minor Hurricane,AL132020,2020,08,26,06,166.5,581.71,17291.0625
NA,North Atlantic,MIN_HUR,Minor Hurricane,AL132020,2020,08,27,12,157.2,577.98,31193.25
NA,North Atlantic,MIN_HUR,Minor Hurricane,AL132022,2022,10,09,00,120.24,877.08,58076.33245088172
NA,North Atlantic,MIN_HUR,Minor Hurricane,AL132022,2022,10,09,06,138.96,898.16,61994.89793365059
NA,North Atlantic,MIN_HUR,Minor Hurricane,AL132022,2022,10,09,12,120.24,741.2,65311.934805629135
NA,North Atlantic,MIN_HUR,Minor Hurricane,AL142016,2016,09,29,18,120.2,783.31,30632.375
NA,North Atlantic,MIN_HUR,Minor Hurricane,AL142016,2016,09,30,00,129.5,709.85,23560.0625
NA,North Atlantic,MIN_HUR,Minor Hurricane,AL142016,2016,09,30,06,157.2,690.0,24070.8125
NA,North Atlantic,MIN_HUR,Minor Hurricane,AL142016,2016,10,08,00,175.7,718.54,56133.6875
NA,North Atlantic,MIN_HUR,Minor Hurricane,AL142016,2016,10,08,06,157.2,650.58,53149.625
NA,North Atlantic,MIN_HUR,Minor Hurricane,AL142016,2016,10,08,12,148.0,532.59,31938.0
NA,North Atlantic,MIN_HUR,Minor Hurricane,AL142016,2016,10,08,18,129.5,624.17,20945.4375
NA,North Atlantic,MIN_HUR,Minor Hurricane,AL142016,2016,10,09,00,129.5,841.52,5858.6875
NA,North Atlantic,MIN_HUR,Minor Hurricane,AL142016,2016,10,09,06,129.5,683.68,521.875
NA,North Atlantic,MIN_HUR,Minor Hurricane,AL142018,2018,10,08,12,120.2,647.45,28770.8125
NA,North Atlantic,MIN_HUR,Minor Hurricane,AL142018,2018,10,08,18,138.7,729.4,33608.25
NA,North Atlantic,MIN_HUR,Minor Hurricane,AL142018,2018,10,09,00,157.2,782.73,24664.75
NA,North Atlantic,MIN_HUR,Minor Hurricane,AL142018,2018,10,09,06,157.2,685.53,25426.5625
NA,North Atlantic,MIN_HUR,Minor Hurricane,AL142018,2018,10,09,12,166.5,778.16,24919.4375
NA,North Atlantic,MIN_HUR,Minor Hurricane,AL142018,2018,10,11,00,148.0,630.42,29639.4375
NA,North Atlantic,MIN_HUR,Minor Hurricane,AL142020,2020,08,23,12,120.2,800.73,27161.4375
NA,North Atlantic,MIN_HUR,Minor Hurricane,AL142020,2020,08,23,18,120.2,732.69,34448.125
NA,North Atlantic,MIN_HUR,Minor Hurricane,AL142021,2021,09,14,00,120.24,723.49,22953.166861974867
NA,North Atlantic,MIN_HUR,Minor Hurricane,AL142021,2021,09,14,06,120.24,570.7,23506.586529498512
NA,North Atlantic,MIN_HUR,Minor Hurricane,AL142024,2024,10,06,18,129.6,452.47,23042.28388328437
NA,North Atlantic,MIN_HUR,Minor Hurricane,AL142024,2024,10,07,00,138.96,1052.25,45304.747221080994
NA,North Atlantic,MIN_HUR,Minor Hurricane,AL142024,2024,10,07,06,166.68,708.22,39070.39149514231
NA,North Atlantic,MIN_HUR,Minor Hurricane,AL142024,2024,10,10,06,148.32000000000002,633.16,61009.17659059272
NA,North Atlantic,MIN_HUR,Minor Hurricane,AL142024,2024,10,10,12,129.6,722.58,63021.774812902906
NA,North Atlantic,MIN_HUR,Minor Hurricane,AL152000,2000,09,30,12,120.2,1017.96,54405.8125
NA,North Atlantic,MIN_HUR,Minor Hurricane,AL152000,2000,09,30,18,138.7,1170.8,64492.0625
NA,North Atlantic,MIN_HUR,Minor Hurricane,AL152000,2000,10,02,06,148.0,867.0,44064.375
NA,North Atlantic,MIN_HUR,Minor Hurricane,AL152000,2000,10,02,12,129.5,845.03,44206.6875
NA,North Atlantic,MIN_HUR,Minor Hurricane,AL152000,2000,10,02,18,120.2,862.39,52399.375
NA,North Atlantic,MIN_HUR,Minor Hurricane,AL152000,2000,10,05,06,120.2,653.62,19807.75
NA,North Atlantic,MIN_HUR,Minor Hurricane,AL152000,2000,10,05,12,138.7,699.11,10881.0
NA,North Atlantic,MIN_HUR,Minor Hurricane,AL152000,2000,10,05,18,148.0,614.68,13611.9375
NA,North Atlantic,MIN_HUR,Minor Hurricane,AL152001,2001,11,02,12,129.5,869.34,38258.5
NA,North Atlantic,MIN_HUR,Minor Hurricane,AL152001,2001,11,02,18,148.0,930.72,47301.9375
NA,North Atlantic,MIN_HUR,Minor Hurricane,AL152001,2001,11,03,00,166.5,816.07,31342.9375
NA,North Atlantic,MIN_HUR,Minor Hurricane,AL152001,2001,11,05,06,148.0,755.57,65080.875
NA,North Atlantic,MIN_HUR,Minor Hurricane,AL152001,2001,11,05,12,148.0,1020.89,75260.375
NA,North Atlantic,MIN_HUR,Minor Hurricane,AL152001,2001,11,05,18,138.7,939.53,67363.1875
NA,North Atlantic,MIN_HUR,Minor Hurricane,AL152001,2001,11,06,00,138.7,990.62,63535.375
NA,North Atlantic,MIN_HUR,Minor Hurricane,AL152001,2001,11,06,06,138.7,893.01,48139.625
NA,North Atlantic,MIN_HUR,Minor Hurricane,AL152001,2001,11,06,12,120.2,951.37,39176.375
NA,North Atlantic,MIN_HUR,Minor Hurricane,AL152011,2011,09,08,18,120.2,586.22,11324.25
NA,North Atlantic,MIN_HUR,Minor Hurricane,AL152011,2011,09,09,00,120.2,688.08,14309.25
NA,North Atlantic,MIN_HUR,Minor Hurricane,AL152017,2017,09,17,18,120.2,732.89,1157.5625
NA,North Atlantic,MIN_HUR,Minor Hurricane,AL152017,2017,09,18,00,138.7,713.3,4494.1875
NA,North Atlantic,MIN_HUR,Minor Hurricane,AL152017,2017,09,18,06,148.0,666.83,4211.3125
NA,North Atlantic,MIN_HUR,Minor Hurricane,AL152017,2017,09,20,18,175.7,547.32,30267.5
NA,North Atlantic,MIN_HUR,Minor Hurricane,AL152017,2017,09,21,00,175.7,574.95,22632.1875
NA,North Atlantic,MIN_HUR,Minor Hurricane,AL152017,2017,09,24,06,175.7,491.25,23139.5
NA,North Atlantic,MIN_HUR,Minor Hurricane,AL152017,2017,09,24,12,175.7,582.39,28951.3125
NA,North Atlantic,MIN_HUR,Minor Hurricane,AL152017,2017,09,24,18,166.5,530.52,29356.1875
NA,North Atlantic,MIN_HUR,Minor Hurricane,AL152017,2017,09,25,00,157.2,700.52,19999.125
NA,North Atlantic,MIN_HUR,Minor Hurricane,AL152017,2017,09,25,06,138.7,490.68,19702.25
NA,North Atlantic,MIN_HUR,Minor Hurricane,AL152017,2017,09,25,12,129.5,601.79,28257.5
NA,North Atlantic,MIN_HUR,Minor Hurricane,AL152017,2017,09,25,18,129.5,716.96,30466.25
NA,North Atlantic,MIN_HUR,Minor Hurricane,AL152017,2017,09,26,00,129.5,537.65,19758.1875
NA,North Atlantic,MIN_HUR,Minor Hurricane,AL152017,2017,09,26,06,120.2,511.28,23041.5625
NA,North Atlantic,MIN_HUR,Minor Hurricane,AL152017,2017,09,26,12,120.2,552.96,19939.3125
NA,North Atlantic,MIN_HUR,Minor Hurricane,AL152017,2017,09,26,18,120.2,586.24,17260.375
NA,North Atlantic,MIN_HUR,Minor Hurricane,AL152017,2017,09,27,00,120.2,677.25,14940.75
NA,North Atlantic,MIN_HUR,Minor Hurricane,AL152017,2017,09,27,06,120.2,579.99,9356.9375
NA,North Atlantic,MIN_HUR,Minor Hurricane,AL152022,2022,11,02,12,129.6,765.83,22110.66666982125
NA,North Atlantic,MIN_HUR,Minor Hurricane,AL152022,2022,11,02,18,138.96,618.35,27185.894740868414
NA,North Atlantic,MIN_HUR,Minor Hurricane,AL152022,2022,11,03,00,120.24,723.75,30191.64972217561
NA,North Atlantic,MIN_HUR,Minor Hurricane,AL152024,2024,10,19,18,129.6,814.59,10114.279665228794
NA,North Atlantic,MIN_HUR,Minor Hurricane,AL152024,2024,10,20,00,138.96,658.56,9521.185524789207
NA,North Atlantic,MIN_HUR,Minor Hurricane,AL152024,2024,10,20,06,129.6,614.81,9691.941690568812
NA,North Atlantic,MIN_HUR,Minor Hurricane,AL152024,2024,10,20,12,129.6,515.39,9210.67769019393
NA,North Atlantic,MIN_HUR,Minor Hurricane,AL152024,2024,10,20,18,129.6,521.86,12495.670176846266
NA,North Atlantic,MIN_HUR,Minor Hurricane,AL152024,2024,10,21,00,120.24,641.79,13100.897803747035
NA,North Atlantic,MIN_HUR,Minor Hurricane,AL162005,2005,09,09,00,120.2,326.67,9165.375
NA,North Atlantic,MIN_HUR,Minor Hurricane,AL162005,2005,09,09,18,120.2,556.18,24948.8125
NA,North Atlantic,MIN_HUR,Minor Hurricane,AL162005,2005,09,10,12,120.2,480.64,28098.875
NA,North Atlantic,MIN_HUR,Minor Hurricane,AL162005,2005,09,10,18,129.5,563.98,30798.1875
NA,North Atlantic,MIN_HUR,Minor Hurricane,AL162005,2005,09,11,00,129.5,796.98,24466.0
NA,North Atlantic,MIN_HUR,Minor Hurricane,AL162005,2005,09,11,06,138.7,189.56,7276.8125
NA,North Atlantic,MIN_HUR,Minor Hurricane,AL162005,2005,09,11,12,129.5,486.54,18984.5
NA,North Atlantic,MIN_HUR,Minor Hurricane,AL162005,2005,09,11,18,120.2,810.6,22635.625
NA,North Atlantic,MIN_HUR,Minor Hurricane,AL162005,2005,09,14,00,120.2,497.72,10653.375
NA,North Atlantic,MIN_HUR,Minor Hurricane,AL162005,2005,09,14,06,129.5,174.05,6146.1875
NA,North Atlantic,MIN_HUR,Minor Hurricane,AL162005,2005,09,14,12,138.7,398.19,16802.3125
NA,North Atlantic,MIN_HUR,Minor Hurricane,AL162005,2005,09,14,18,138.7,640.55,15703.9375
NA,North Atlantic,MIN_HUR,Minor Hurricane,AL162005,2005,09,15,00,138.7,321.67,8250.875
NA,North Atlantic,MIN_HUR,Minor Hurricane,AL162005,2005,09,15,06,129.5,299.38,5249.8125
NA,North Atlantic,MIN_HUR,Minor Hurricane,AL162005,2005,09,15,12,120.2,449.74,7623.8125
NA,North Atlantic,MIN_HUR,Minor Hurricane,AL162005,2005,09,15,18,120.2,420.65,5581.8125
NA,North Atlantic,MIN_HUR,Minor Hurricane,AL162007,2007,11,02,00,129.5,924.29,75866.6875
NA,North Atlantic,MIN_HUR,Minor Hurricane,AL162007,2007,11,02,06,129.5,827.4,79290.0625
NA,North Atlantic,MIN_HUR,Minor Hurricane,AL162007,2007,11,02,12,129.5,1022.48,77274.125
NA,North Atlantic,MIN_HUR,Minor Hurricane,AL162007,2007,11,02,18,129.5,831.88,41222.9375
NA,North Atlantic,MIN_HUR,Minor Hurricane,AL162007,2007,11,03,00,129.5,787.52,32085.5625
NA,North Atlantic,MIN_HUR,Minor Hurricane,AL162007,2007,11,03,06,129.5,772.68,12904.4375
NA,North Atlantic,MIN_HUR,Minor Hurricane,AL162016,2016,11,23,18,120.2,790.56,26179.8125
NA,North Atlantic,MIN_HUR,Minor Hurricane,AL162016,2016,11,24,00,148.0,783.1,26673.5625
NA,North Atlantic,MIN_HUR,Minor Hurricane,AL162016,2016,11,24,06,166.5,791.94,30602.5
NA,North Atlantic,MIN_HUR,Minor Hurricane,AL162016,2016,11,24,18,175.7,825.59,28881.0625
NA,North Atlantic,MIN_HUR,Minor Hurricane,AL162016,2016,11,25,00,120.2,973.85,29869.125
NA,North Atlantic,MIN_HUR,Minor Hurricane,AL162017,2017,10,07,06,129.5,720.81,24446.25
NA,North Atlantic,MIN_HUR,Minor Hurricane,AL162017,2017,10,07,12,148.0,795.64,23311.3125
NA,North Atlantic,MIN_HUR,Minor Hurricane,AL162017,2017,10,07,18,148.0,754.26,25385.6875
NA,North Atlantic,MIN_HUR,Minor Hurricane,AL162017,2017,10,08,00,138.7,759.65,27166.375
NA,North Atlantic,MIN_HUR,Minor Hurricane,AL162020,2020,09,03,06,120.2,820.65,19746.3125
NA,North Atlantic,MIN_HUR,Minor Hurricane,AL172000,2000,10,17,18,120.2,687.29,9801.0
NA,North Atlantic,MIN_HUR,Minor Hurricane,AL172000,2000,10,18,00,120.2,489.38,8937.6875
NA,North Atlantic,MIN_HUR,Minor Hurricane,AL172000,2000,10,18,06,120.2,523.34,10102.1875
NA,North Atlantic,MIN_HUR,Minor Hurricane,AL172000,2000,10,18,12,120.2,842.0,14498.75
NA,North Atlantic,MIN_HUR,Minor Hurricane,AL172000,2000,10,18,18,129.5,701.77,14370.25
NA,North Atlantic,MIN_HUR,Minor Hurricane,AL172000,2000,10,19,00,138.7,719.39,8941.75
NA,North Atlantic,MIN_HUR,Minor Hurricane,AL172008,2008,11,07,00,120.2,718.3,18667.5
NA,North Atlantic,MIN_HUR,Minor Hurricane,AL172008,2008,11,07,06,120.2,529.22,23171.6875
NA,North Atlantic,MIN_HUR,Minor Hurricane,AL172008,2008,11,07,12,138.7,580.72,23899.3125
NA,North Atlantic,MIN_HUR,Minor Hurricane,AL172008,2008,11,07,18,148.0,555.5,12271.1875
NA,North Atlantic,MIN_HUR,Minor Hurricane,AL172008,2008,11,09,00,166.5,615.64,9770.875
NA,North Atlantic,MIN_HUR,Minor Hurricane,AL172022,2022,11,10,00,120.24,451.7,24224.748204636853
NA,North Atlantic,MIN_HUR,Minor Hurricane,AL172022,2022,11,10,06,120.24,470.38,22945.994479254998
NA,North Atlantic,MIN_HUR,Minor Hurricane,AL182005,2005,09,20,12,129.5,583.43,23455.375
NA,North Atlantic,MIN_HUR,Minor Hurricane,AL182005,2005,09,20,18,157.2,616.43,27201.875
NA,North Atlantic,MIN_HUR,Minor Hurricane,AL182005,2005,09,21,00,175.7,666.53,20470.125
NA,North Atlantic,MIN_HUR,Minor Hurricane,AL182005,2005,09,24,12,120.2,600.26,39675.1875
NA,North Atlantic,MIN_HUR,Minor Hurricane,AL182010,2010,10,12,00,120.2,766.16,13639.1875
NA,North Atlantic,MIN_HUR,Minor Hurricane,AL182010,2010,10,12,06,120.2,666.96,12946.0
NA,North Atlantic,MIN_HUR,Minor Hurricane,AL182010,2010,10,12,12,138.7,684.96,20490.5625
NA,North Atlantic,MIN_HUR,Minor Hurricane,AL182010,2010,10,12,18,166.5,636.57,20168.1875
NA,North Atlantic,MIN_HUR,Minor Hurricane,AL182010,2010,10,13,00,166.5,726.86,11983.75
NA,North Atlantic,MIN_HUR,Minor Hurricane,AL182010,2010,10,13,06,157.2,600.79,17017.0
NA,North Atlantic,MIN_HUR,Minor Hurricane,AL182010,2010,10,13,12,157.2,389.36,14485.5
NA,North Atlantic,MIN_HUR,Minor Hurricane,AL182010,2010,10,13,18,138.7,533.87,12609.0
NA,North Atlantic,MIN_HUR,Minor Hurricane,AL182010,2010,10,14,00,138.7,717.59,6629.5
NA,North Atlantic,MIN_HUR,Minor Hurricane,AL182010,2010,10,14,06,129.5,366.61,9158.875
NA,North Atlantic,MIN_HUR,Minor Hurricane,AL182011,2011,10,24,18,120.2,598.58,17615.875
NA,North Atlantic,MIN_HUR,Minor Hurricane,AL182011,2011,10,25,00,138.7,659.72,14059.625
NA,North Atlantic,MIN_HUR,Minor Hurricane,AL182011,2011,10,25,06,166.5,494.62,16946.0
NA,North Atlantic,MIN_HUR,Minor Hurricane,AL182011,2011,10,25,12,175.7,430.68,18362.5625
NA,North Atlantic,MIN_HUR,Minor Hurricane,AL182011,2011,10,26,12,157.2,342.13,7656.9375
NA,North Atlantic,MIN_HUR,Minor Hurricane,AL182011,2011,10,26,18,148.0,468.81,9186.125
NA,North Atlantic,MIN_HUR,Minor Hurricane,AL182011,2011,10,27,00,148.0,517.94,5943.3125
NA,North Atlantic,MIN_HUR,Minor Hurricane,AL182011,2011,10,27,06,120.2,555.13,13279.5
NA,North Atlantic,MIN_HUR,Minor Hurricane,AL182012,2012,10,24,12,120.2,904.92,81238.875
NA,North Atlantic,MIN_HUR,Minor Hurricane,AL182012,2012,10,24,18,138.7,964.92,89605.125
NA,North Atlantic,MIN_HUR,Minor Hurricane,AL182012,2012,10,25,00,157.2,1018.42,80020.625
NA,North Atlantic,MIN_HUR,Minor Hurricane,AL182012,2012,10,25,12,175.7,867.6,75659.375
NA,North Atlantic,MIN_HUR,Minor Hurricane,AL182012,2012,10,25,18,166.5,951.34,100939.3125
NA,North Atlantic,MIN_HUR,Minor Hurricane,AL182012,2012,10,26,00,138.7,1065.72,107689.5625
NA,North Atlantic,MIN_HUR,Minor Hurricane,AL182012,2012,10,26,06,129.5,710.34,92471.4375
NA,North Atlantic,MIN_HUR,Minor Hurricane,AL182012,2012,10,26,12,120.2,928.39,96134.75
NA,North Atlantic,MIN_HUR,Minor Hurricane,AL182012,2012,10,26,18,120.2,1080.14,73432.625
NA,North Atlantic,MIN_HUR,Minor Hurricane,AL182012,2012,10,27,12,129.5,602.13,52135.5
NA,North Atlantic,MIN_HUR,Minor Hurricane,AL182012,2012,10,27,18,129.5,666.76,27713.25
NA,North Atlantic,MIN_HUR,Minor Hurricane,AL182012,2012,10,28,00,120.2,558.02,30912.5
NA,North Atlantic,MIN_HUR,Minor Hurricane,AL182012,2012,10,28,06,120.2,762.63,25432.0625
NA,North Atlantic,MIN_HUR,Minor Hurricane,AL182012,2012,10,28,12,120.2,591.46,29534.5
NA,North Atlantic,MIN_HUR,Minor Hurricane,AL182012,2012,10,28,18,120.2,399.16,17884.5625
NA,North Atlantic,MIN_HUR,Minor Hurricane,AL182012,2012,10,29,00,129.5,508.16,14518.25
NA,North Atlantic,MIN_HUR,Minor Hurricane,AL182024,2024,11,06,00,129.6,752.0,38248.35541816201
NA,North Atlantic,MIN_HUR,Minor Hurricane,AL182024,2024,11,06,06,148.32000000000002,943.13,39709.45754838275
NA,North Atlantic,MIN_HUR,Minor Hurricane,AL182024,2024,11,06,12,166.68,772.75,30321.08640595415
NA,North Atlantic,MIN_HUR,Minor Hurricane,AL182024,2024,11,07,00,176.04,750.22,27189.924889902293
NA,North Atlantic,MIN_HUR,Minor Hurricane,AL182024,2024,11,07,06,166.68,852.22,51088.9830519277
NA,North Atlantic,MIN_HUR,Minor Hurricane,AL182024,2024,11,07,12,166.68,546.57,24251.85321764642
NA,North Atlantic,MIN_HUR,Minor Hurricane,AL182024,2024,11,07,18,166.68,469.88,17844.9904787133
NA,North Atlantic,MIN_HUR,Minor Hurricane,AL182024,2024,11,08,00,166.68,600.98,16266.683545824082
NA,North Atlantic,MIN_HUR,Minor Hurricane,AL182024,2024,11,08,12,176.04,517.57,13115.092216774356
NA,North Atlantic,MIN_HUR,Minor Hurricane,AL182024,2024,11,08,18,157.32000000000002,426.08,11929.195635495184
NA,North Atlantic,MIN_HUR,Minor Hurricane,AL182024,2024,11,09,00,120.24,526.03,11762.41921703698
NA,North Atlantic,MIN_HUR,Minor Hurricane,AL192010,2010,10,24,06,120.2,664.02,24383.5625
NA,North Atlantic,MIN_HUR,Minor Hurricane,AL192010,2010,10,24,12,138.7,721.61,21577.0625
NA,North Atlantic,MIN_HUR,Minor Hurricane,AL192010,2010,10,24,18,148.0,781.46,27247.0
NA,North Atlantic,MIN_HUR,Minor Hurricane,AL192010,2010,10,25,00,157.2,643.0,15060.8125
NA,North Atlantic,MIN_HUR,Minor Hurricane,AL192010,2010,10,25,06,120.2,508.15,11334.0
NA,North Atlantic,MIN_HUR,Minor Hurricane,AL192020,2020,09,14,12,120.2,404.66,22708.5
NA,North Atlantic,MIN_HUR,Minor Hurricane,AL192020,2020,09,14,18,138.7,825.45,44624.75
NA,North Atlantic,MIN_HUR,Minor Hurricane,AL192020,2020,09,15,00,138.7,926.42,24655.3125
NA,North Atlantic,MIN_HUR,Minor Hurricane,AL192020,2020,09,15,06,129.5,667.3,21015.8125
NA,North Atlantic,MIN_HUR,Minor Hurricane,AL192020,2020,09,15,12,129.5,805.89,42219.25
NA,North Atlantic,MIN_HUR,Minor Hurricane,AL192020,2020,09,15,18,129.5,783.7,48032.375
NA,North Atlantic,MIN_HUR,Minor Hurricane,AL192020,2020,09,16,00,138.7,805.38,33482.25
NA,North Atlantic,MIN_HUR,Minor Hurricane,AL192020,2020,09,16,06,175.7,472.8,30016.625
NA,North Atlantic,MIN_HUR,Minor Hurricane,AL192020,2020,09,16,12,157.2,470.84,33963.0625
NA,North Atlantic,MIN_HUR,Minor Hurricane,AL202005,2005,10,04,06,120.2,841.8,75655.875
NA,North Atlantic,MIN_HUR,Minor Hurricane,AL202005,2005,10,04,12,129.5,1123.34,95481.25
NA,North Atlantic,MIN_HUR,Minor Hurricane,AL212010,2010,10,30,12,120.2,556.17,6832.875
NA,North Atlantic,MIN_HUR,Minor Hurricane,AL212010,2010,10,30,18,148.0,663.06,12558.0
NA,North Atlantic,MIN_HUR,Minor Hurricane,AL212010,2010,10,31,00,157.2,686.48,15081.625
NA,North Atlantic,MIN_HUR,Minor Hurricane,AL212010,2010,10,31,06,157.2,648.14,19166.25
NA,North Atlantic,MIN_HUR,Minor Hurricane,AL212010,2010,10,31,12,148.0,613.28,11440.875
NA,North Atlantic,MIN_HUR,Minor Hurricane,AL212010,2010,10,31,18,120.2,854.47,18836.25
NA,North Atlantic,MIN_HUR,Minor Hurricane,AL212010,2010,11,05,06,129.5,839.33,58660.625
NA,North Atlantic,MIN_HUR,Minor Hurricane,AL212010,2010,11,05,12,138.7,1120.61,85029.4375
NA,North Atlantic,MIN_HUR,Minor Hurricane,AL212010,2010,11,05,18,129.5,1101.79,84393.875
NA,North Atlantic,MIN_HUR,Minor Hurricane,AL212010,2010,11,06,18,120.2,891.03,39183.625
NA,North Atlantic,MIN_HUR,Minor Hurricane,AL212010,2010,11,07,00,129.5,911.39,27945.875
NA,North Atlantic,MIN_HUR,Minor Hurricane,AL212010,2010,11,07,06,120.2,797.5,27034.5625
NA,North Atlantic,MIN_HUR,Minor Hurricane,AL252005,2005,10,18,12,120.2,784.49,43290.1875
NA,North Atlantic,MIN_HUR,Minor Hurricane,AL252005,2005,10,18,18,138.7,754.56,44793.5625
NA,North Atlantic,MIN_HUR,Minor Hurricane,AL252005,2005,10,22,18,157.2,599.52,31292.5625
NA,North Atlantic,MIN_HUR,Minor Hurricane,AL252005,2005,10,23,00,157.2,729.28,30401.0625
NA,North Atlantic,MIN_HUR,Minor Hurricane,AL252005,2005,10,23,06,157.2,679.82,28497.5
NA,North Atlantic,MIN_HUR,Minor Hurricane,AL252005,2005,10,23,12,157.2,565.11,26726.125
NA,North Atlantic,MIN_HUR,Minor Hurricane,AL252005,2005,10,23,18,166.5,630.05,38069.3125
NA,North Atlantic,MIN_HUR,Minor Hurricane,AL252005,2005,10,24,00,175.7,739.79,52745.5
NA,North Atlantic,MIN_HUR,Minor Hurricane,AL252005,2005,10,24,12,175.7,592.92,64065.4375
NA,North Atlantic,MIN_HUR,Minor Hurricane,AL262020,2020,10,06,00,120.2,766.54,24492.375
NA,North Atlantic,MIN_HUR,Minor Hurricane,AL262020,2020,10,06,06,138.7,692.08,26753.375
NA,North Atlantic,MIN_HUR,Minor Hurricane,AL262020,2020,10,07,06,166.5,769.06,36575.0
NA,North Atlantic,MIN_HUR,Minor Hurricane,AL262020,2020,10,07,12,157.2,733.51,23674.4375
NA,North Atlantic,MIN_HUR,Minor Hurricane,AL262020,2020,10,07,18,138.7,879.54,29069.5
NA,North Atlantic,MIN_HUR,Minor Hurricane,AL262020,2020,10,08,00,148.0,532.26,21676.75
NA,North Atlantic,MIN_HUR,Minor Hurricane,AL262020,2020,10,08,06,157.2,701.38,21823.5
NA,North Atlantic,MIN_HUR,Minor Hurricane,AL262020,2020,10,08,12,166.5,530.1,21011.75
NA,North Atlantic,MIN_HUR,Minor Hurricane,AL262020,2020,10,09,18,166.5,790.03,31402.1875
NA,North Atlantic,MIN_HUR,Minor Hurricane,AL262020,2020,10,10,00,138.7,602.52,29697.625
NA,North Atlantic,MIN_HUR,Minor Hurricane,AL272005,2005,10,29,06,129.5,848.69,39870.0
NA,North Atlantic,MIN_HUR,Minor Hurricane,AL272005,2005,10,29,12,138.7,889.94,45626.4375
NA,North Atlantic,MIN_HUR,Minor Hurricane,AL272005,2005,10,29,18,138.7,832.8,40447.875
NA,North Atlantic,MIN_HUR,Minor Hurricane,AL272005,2005,10,30,00,166.5,615.98,26054.375
NA,North Atlantic,MIN_HUR,Minor Hurricane,AL272005,2005,10,30,12,166.5,818.38,32833.8125
NA,North Atlantic,MIN_HUR,Minor Hurricane,AL282020,2020,10,26,06,120.2,810.82,34425.5
NA,North Atlantic,MIN_HUR,Minor Hurricane,AL282020,2020,10,26,12,120.2,862.65,40626.8125
NA,North Atlantic,MIN_HUR,Minor Hurricane,AL282020,2020,10,26,18,129.5,796.34,25992.0
NA,North Atlantic,MIN_HUR,Minor Hurricane,AL282020,2020,10,27,00,129.5,775.68,18726.25
NA,North Atlantic,MIN_HUR,Minor Hurricane,AL282020,2020,10,27,06,120.2,748.6,20992.8125
NA,North Atlantic,MIN_HUR,Minor Hurricane,AL282020,2020,10,28,06,120.2,678.44,21895.1875
NA,North Atlantic,MIN_HUR,Minor Hurricane,AL282020,2020,10,28,12,148.0,939.73,36504.75
NA,North Atlantic,MIN_HUR,Minor Hurricane,AL282020,2020,10,28,18,175.7,825.93,41176.8125
NA,North Atlantic,MIN_HUR,Minor Hurricane,AL282020,2020,10,29,00,157.2,737.96,34602.625
NA,North Atlantic,MIN_HUR,Minor Hurricane,AL292020,2020,11,02,06,129.5,938.54,47596.1875
NA,North Atlantic,MIN_HUR,Minor Hurricane,AL292020,2020,11,02,12,166.5,932.27,55996.875
NA,North Atlantic,MIN_HUR,Minor Hurricane,AL292020,2020,11,04,00,175.7,942.18,86802.375
NA,North Atlantic,MIN_HUR,Minor Hurricane,AL292020,2020,11,04,06,129.5,860.51,81244.6875
NA,North Atlantic,MIN_HUR,Minor Hurricane,AL292020,2020,11,11,12,120.2,508.48,15404.25
NA,North Atlantic,MIN_HUR,Minor Hurricane,AL312020,2020,11,15,06,120.2,661.85,32436.6875
NA,North Atlantic,MIN_HUR,Minor Hurricane,AL312020,2020,11,15,12,129.5,691.06,33697.9375
NA,North Atlantic,MIN_HUR,Minor Hurricane,AL312020,2020,11,15,18,138.7,760.34,34196.375
NA,North Atlantic,MIN_HUR,Minor Hurricane,AL312020,2020,11,16,00,166.5,789.26,31868.4375
NA,North Atlantic,MIN_HUR,Minor Hurricane,AL312020,2020,11,17,12,138.7,725.6,46636.8125
